Name,Journal Impact Factor,eISSN,ISSN
Academy of Management Annals,16.5,1941-6067,1941-6520
Academy of Management Annals,16.5,1941-6067,1941-6520
ACADEMY OF MANAGEMENT JOURNAL,10.5,1948-0989,0001-4273
ACADEMY OF MANAGEMENT JOURNAL,10.5,1948-0989,0001-4273
ACADEMY OF MANAGEMENT REVIEW,13.9,1930-3807,0363-7425
ACADEMY OF MANAGEMENT REVIEW,13.9,1930-3807,0363-7425
ACCOUNTS OF CHEMICAL RESEARCH,17.7,1520-4898,0001-4842
Accounts of Materials Research,14.7,2643-6728,N/A
Accounts of Materials Research,14.7,2643-6728,N/A
ACM COMPUTING SURVEYS,28,1557-7341,0360-0300
ACS Catalysis,13.1,2155-5435,2155-5435
ACS Central Science,10.4,2374-7951,2374-7943
ACS Energy Letters,18.9,2380-8195,2380-8195
ACS Energy Letters,18.9,2380-8195,2380-8195
ACS Energy Letters,18.9,2380-8195,2380-8195
ACS Energy Letters,18.9,2380-8195,2380-8195
ACS Energy Letters,18.9,2380-8195,2380-8195
ACS Nano,16.1,1936-086X,1936-0851
ACS Nano,16.1,1936-086X,1936-0851
ACS Nano,16.1,1936-086X,1936-0851
ACS Nano,16.1,1936-086X,1936-0851
ACTA NUMERICA,11.3,1474-0508,0962-4929
Acta Pharmaceutica Sinica B,14.6,2211-3843,2211-3835
ACTA PHYSICO-CHIMICA SINICA,13.7,N/A,1000-6818
Additive Manufacturing,11.1,2214-7810,2214-8604
Additive Manufacturing,11.1,2214-7810,2214-8604
Advanced Composites and Hybrid Materials,21.8,2522-0136,2522-0128
Advanced Composites and Hybrid Materials,21.8,2522-0136,2522-0128
ADVANCED DRUG DELIVERY REVIEWS,17.6,1872-8294,0169-409X
Advanced Energy Materials,26,1614-6840,1614-6832
Advanced Energy Materials,26,1614-6840,1614-6832
Advanced Energy Materials,26,1614-6840,1614-6832
Advanced Energy Materials,26,1614-6840,1614-6832
Advanced Energy Materials,26,1614-6840,1614-6832
ADVANCED ENGINEERING INFORMATICS,9.9,1873-5320,1474-0346
ADVANCED ENGINEERING INFORMATICS,9.9,1873-5320,1474-0346
Advanced Fiber Materials,21.3,2524-793X,2524-7921
Advanced Fiber Materials,21.3,2524-793X,2524-7921
ADVANCED FUNCTIONAL MATERIALS,19,1616-3028,1616-301X
ADVANCED FUNCTIONAL MATERIALS,19,1616-3028,1616-301X
ADVANCED FUNCTIONAL MATERIALS,19,1616-3028,1616-301X
ADVANCED FUNCTIONAL MATERIALS,19,1616-3028,1616-301X
ADVANCED FUNCTIONAL MATERIALS,19,1616-3028,1616-301X
ADVANCED FUNCTIONAL MATERIALS,19,1616-3028,1616-301X
Advanced Industrial and Engineering Polymer Research,12,2542-5048,2542-5048
Advanced Industrial and Engineering Polymer Research,12,2542-5048,2542-5048
Advanced Industrial and Engineering Polymer Research,12,2542-5048,2542-5048
ADVANCED MATERIALS,26.8,1521-4095,0935-9648
ADVANCED MATERIALS,26.8,1521-4095,0935-9648
ADVANCED MATERIALS,26.8,1521-4095,0935-9648
ADVANCED MATERIALS,26.8,1521-4095,0935-9648
ADVANCED MATERIALS,26.8,1521-4095,0935-9648
ADVANCED MATERIALS,26.8,1521-4095,0935-9648
Advanced Photonics,18.8,2577-5421,N/A
Advanced Powder Materials,24.9,2772-834X,N/A
Advanced Powder Materials,24.9,2772-834X,N/A
Advanced Science,14.1,2198-3844,N/A
Advanced Science,14.1,2198-3844,N/A
Advanced Science,14.1,2198-3844,N/A
Advanced Sensor and Energy Materials,10.2,2773-045X,N/A
Advances in Applied Energy,13.8,2666-7924,2666-7924
ADVANCES IN COLLOID AND INTERFACE SCIENCE,19.3,1873-3727,0001-8686
Advances in Geo-Energy Research,10,2208-598X,2207-9963
Advances in Geo-Energy Research,10,2208-598X,2207-9963
Advances in Methods and Practices in Psychological Science,13.4,2515-2467,2515-2459
Advances in Methods and Practices in Psychological Science,13.4,2515-2467,2515-2459
Advances in Optics and Photonics,23.8,N/A,1943-8206
ADVANCES IN PHYSICS,13.8,1460-6976,0001-8732
Advances in Physics-X,10.8,2374-6149,2374-6149
AGEING RESEARCH REVIEWS,12.4,1872-9649,1568-1637
AGEING RESEARCH REVIEWS,12.4,1872-9649,1568-1637
Aggregate,13.7,2692-4560,N/A
Aggregate,13.7,2692-4560,N/A
Aggregate,13.7,2692-4560,N/A
AI Open,14.8,2666-6510,N/A
AI Open,14.8,2666-6510,N/A
ALLERGY,12,1398-9995,0105-4538
ALLERGY,12,1398-9995,0105-4538
Alzheimers & Dementia,11.1,1552-5279,1552-5260
AMERICAN ECONOMIC REVIEW,11.6,1944-7981,0002-8282
AMERICAN JOURNAL OF BIOETHICS,20.8,1536-0075,1526-5161
AMERICAN JOURNAL OF BIOETHICS,20.8,1536-0075,1526-5161
AMERICAN JOURNAL OF BIOETHICS,20.8,1536-0075,1526-5161
AMERICAN JOURNAL OF BIOETHICS,20.8,1536-0075,1526-5161
AMERICAN JOURNAL OF HEMATOLOGY,10.3,1096-8652,0361-8609
AMERICAN JOURNAL OF PSYCHIATRY,14.7,1535-7228,0002-953X
AMERICAN JOURNAL OF RESPIRATORY AND CRITICAL CARE MEDICINE,19.4,1535-4970,1073-449X
AMERICAN JOURNAL OF RESPIRATORY AND CRITICAL CARE MEDICINE,19.4,1535-4970,1073-449X
Analytic Methods in Accident Research,12.6,2213-6665,2213-6657
Analytic Methods in Accident Research,12.6,2213-6665,2213-6657
ANGEWANDTE CHEMIE-INTERNATIONAL EDITION,17,1521-3773,N/A
ANNALS OF INTERNAL MEDICINE,15.4,1539-3704,0003-4819
ANNALS OF ONCOLOGY,65.4,1569-8041,0923-7534
ANNALS OF THE RHEUMATIC DISEASES,20.6,1468-2060,0003-4967
Annual Review of Astronomy and Astrophysics,32.5,1545-4282,0066-4146
Annual Review of Biochemistry,20.5,1545-4509,0066-4154
Annual Review of Biophysics,13.7,1936-1238,1936-122X
Annual Review of Cell and Developmental Biology,11.4,1530-8995,1081-0706
Annual Review of Cell and Developmental Biology,11.4,1530-8995,1081-0706
Annual Review of Chemical and Biomolecular Engineering,12.8,1947-5446,1947-5438
Annual Review of Chemical and Biomolecular Engineering,12.8,1947-5446,1947-5438
Annual Review of Clinical Psychology,16.5,1548-5951,1548-5943
Annual Review of Clinical Psychology,16.5,1548-5951,1548-5943
Annual Review of Condensed Matter Physics,30.7,1947-5462,1947-5454
Annual Review of Control Robotics and Autonomous Systems,14,2573-5144,N/A
Annual Review of Control Robotics and Autonomous Systems,14,2573-5144,N/A
Annual Review of Earth and Planetary Sciences,13,1545-4495,0084-6597
Annual Review of Earth and Planetary Sciences,13,1545-4495,0084-6597
Annual Review of Ecology Evolution and Systematics,11.4,1545-2069,1543-592X
Annual Review of Ecology Evolution and Systematics,11.4,1545-2069,1543-592X
Annual Review of Economics,11.4,1941-1391,1941-1383
Annual Review of Entomology,16.7,1545-4487,0066-4170
Annual Review of Environment and Resources,16,1545-2050,1543-5938
Annual Review of Environment and Resources,16,1545-2050,1543-5938
Annual Review of Fluid Mechanics,30.2,1545-4479,0066-4189
Annual Review of Fluid Mechanics,30.2,1545-4479,0066-4189
Annual Review of Food Science and Technology,12.4,1941-1421,1941-1413
Annual Review of Immunology,33.3,1545-3278,0732-0582
Annual Review of Marine Science,18.9,1941-0611,1941-1405
Annual Review of Marine Science,18.9,1941-0611,1941-1405
Annual Review of Marine Science,18.9,1941-0611,1941-1405
Annual Review of Materials Research,10.4,1545-4118,1531-7331
Annual Review of Medicine,22.1,1545-326X,0066-4219
Annual Review of Microbiology,9.9,1545-3251,0066-4227
Annual Review of Neuroscience,13.2,1545-4126,0147-006X
Annual Review of Nutrition,13.4,1545-4312,0199-9885
Annual Review of Organizational Psychology and Organizational Behavior,31.1,2327-0616,2327-0608
Annual Review of Organizational Psychology and Organizational Behavior,31.1,2327-0616,2327-0608
Annual Review of Pathology-Mechanisms of Disease,34.5,1553-4014,1553-4006
Annual Review of Pharmacology and Toxicology,13.1,1545-4304,0362-1642
Annual Review of Pharmacology and Toxicology,13.1,1545-4304,0362-1642
Annual Review of Physical Chemistry,11.7,1545-1593,0066-426X
Annual Review of Physiology,19.1,1545-1585,0066-4278
Annual Review of Phytopathology,11.9,1545-2107,0066-4286
Annual Review of Plant Biology,26.5,1545-2123,1543-5008
Annual Review of Psychology,29.4,1545-2085,0066-4308
Annual Review of Psychology,29.4,1545-2085,0066-4308
Annual Review of Public Health,20.7,1545-2093,0163-7525
ANNUAL REVIEWS IN CONTROL,10.7,1872-9088,1367-5788
Applied Catalysis B-Environment and Energy,21.1,1873-3883,0926-3373
Applied Catalysis B-Environment and Energy,21.1,1873-3883,0926-3373
Applied Catalysis B-Environment and Energy,21.1,1873-3883,0926-3373
APPLIED ENERGY,11,1872-9118,0306-2619
APPLIED ENERGY,11,1872-9118,0306-2619
Applied Mechanics Reviews,16.1,2379-0407,0003-6900
Applied Physics Reviews,11.6,1931-9401,1931-9401
ARCHIVES OF COMPUTATIONAL METHODS IN ENGINEERING,12.1,1886-1784,1134-3060
ARCHIVES OF COMPUTATIONAL METHODS IN ENGINEERING,12.1,1886-1784,1134-3060
ARCHIVES OF COMPUTATIONAL METHODS IN ENGINEERING,12.1,1886-1784,1134-3060
Arthritis & Rheumatology,10.9,2326-5205,2326-5191
Artificial Intelligence in Agriculture,12.4,2589-7217,2097-2113
Artificial Intelligence in Agriculture,12.4,2589-7217,2097-2113
ARTIFICIAL INTELLIGENCE REVIEW,13.9,1573-7462,0269-2821
Asian Journal of Pharmaceutical Sciences,11.9,1818-0876,1818-0876
ASTRONOMY AND ASTROPHYSICS REVIEW,26.5,1432-0754,0935-4956
Astrophysical Journal Letters,11.7,2041-8213,2041-8205
AUTOMATION IN CONSTRUCTION,11.5,1872-7891,0926-5805
AUTOMATION IN CONSTRUCTION,11.5,1872-7891,0926-5805
Autophagy,14.3,1554-8635,1554-8627
Battery Energy,9.9,2768-1696,2768-1688
Battery Energy,9.9,2768-1696,2768-1688
Battery Energy,9.9,2768-1696,2768-1688
BEHAVIORAL AND BRAIN SCIENCES,13.7,1469-1825,0140-525X
BEHAVIORAL AND BRAIN SCIENCES,13.7,1469-1825,0140-525X
BEHAVIORAL AND BRAIN SCIENCES,13.7,1469-1825,0140-525X
Bioactive Materials,20.3,2452-199X,N/A
Bioactive Materials,20.3,2452-199X,N/A
Biochar,13.5,2524-7867,2524-7972
Biochar,13.5,2524-7867,2524-7972
Biofuel Research Journal-BRJ,11.9,2292-8782,2292-8782
BIOLOGICAL REVIEWS,11.7,1469-185X,1464-7931
Biomarker Research,11.5,2050-7771,N/A
Biomarker Research,11.5,2050-7771,N/A
BIOMATERIALS,12.9,1878-5905,0142-9612
BIOMATERIALS,12.9,1878-5905,0142-9612
BIOSENSORS & BIOELECTRONICS,10.5,1873-4235,0956-5663
BIOSENSORS & BIOELECTRONICS,10.5,1873-4235,0956-5663
BIOSENSORS & BIOELECTRONICS,10.5,1873-4235,0956-5663
BIOSENSORS & BIOELECTRONICS,10.5,1873-4235,0956-5663
BIOSENSORS & BIOELECTRONICS,10.5,1873-4235,0956-5663
BIOTECHNOLOGY ADVANCES,12.5,1873-1899,0734-9750
BLOOD,23.1,1528-0020,0006-4971
Blood Cancer Discovery,11.5,2643-3249,2643-3230
Blood Cancer Discovery,11.5,2643-3249,2643-3230
Blood Cancer Journal,11.6,2044-5385,2044-5385
Blood Cancer Journal,11.6,2044-5385,2044-5385
BMEMat,15.5,2751-7446,2751-7438
BMEMat,15.5,2751-7446,2751-7438
BMJ Evidence-Based Medicine,10.4,2515-4478,2515-446X
BMJ Medicine,10,2754-0413,N/A
BMJ-British Medical Journal,43,1756-1833,0959-535X
Bone Research,15,2095-6231,2095-4700
BRAIN,11.7,1460-2156,0006-8950
BRAIN,11.7,1460-2156,0006-8950
BRITISH JOURNAL OF DERMATOLOGY,10.6,1365-2133,0007-0963
BRITISH JOURNAL OF SPORTS MEDICINE,16.3,1473-0480,0306-3674
Business & Information Systems Engineering,10.4,1867-0202,2363-7005
Business Strategy and the Environment,13.3,1099-0836,0964-4733
Business Strategy and the Environment,13.3,1099-0836,0964-4733
Business Strategy and the Environment,13.3,1099-0836,0964-4733
CA-A CANCER JOURNAL FOR CLINICIANS,232.4,1542-4863,0007-9235
CANADIAN MEDICAL ASSOCIATION JOURNAL,12.2,1488-2329,0820-3946
CANCER CELL,44.5,1878-3686,1535-6108
CANCER CELL,44.5,1878-3686,1535-6108
Cancer Communications,24.9,2523-3548,N/A
Cancer Discovery,33.3,2159-8290,2159-8274
CANCER LETTERS,10.1,1872-7980,0304-3835
CANCER RESEARCH,16.6,1538-7445,0008-5472
CANCER TREATMENT REVIEWS,10.5,1532-1967,0305-7372
Carbohydrate Polymers,12.5,1879-1344,0144-8617
Carbohydrate Polymers,12.5,1879-1344,0144-8617
Carbohydrate Polymers,12.5,1879-1344,0144-8617
CARBON,11.6,1873-3891,0008-6223
CARBON,11.6,1873-3891,0008-6223
Carbon Capture Science & Technology,10.5,2772-6568,2772-6568
Carbon Capture Science & Technology,10.5,2772-6568,2772-6568
Carbon Capture Science & Technology,10.5,2772-6568,2772-6568
Carbon Energy,24.2,2637-9368,N/A
Carbon Energy,24.2,2637-9368,N/A
Carbon Energy,24.2,2637-9368,N/A
Carbon Energy,24.2,2637-9368,N/A
Carbon Neutrality,12.5,2731-3948,2788-8614
Carbon Neutrality,12.5,2731-3948,2788-8614
Carbon Neutralization,12,2769-3325,2769-3333
Carbon Neutralization,12,2769-3325,2769-3333
Cardiovascular Diabetology,10.6,1475-2840,N/A
Cardiovascular Diabetology,10.6,1475-2840,N/A
CARDIOVASCULAR RESEARCH,13.3,1755-3245,0008-6363
CATALYSIS REVIEWS-SCIENCE AND ENGINEERING,10.1,1520-5703,0161-4940
CELL,42.5,1097-4172,0092-8674
CELL,42.5,1097-4172,0092-8674
CELL DEATH AND DIFFERENTIATION,15.4,1476-5403,1350-9047
CELL DEATH AND DIFFERENTIATION,15.4,1476-5403,1350-9047
Cell Discovery,12.5,2056-5968,N/A
Cell Host & Microbe,18.7,1934-6069,1931-3128
Cell Host & Microbe,18.7,1934-6069,1931-3128
Cell Host & Microbe,18.7,1934-6069,1931-3128
Cell Metabolism,30.9,1932-7420,1550-4131
Cell Metabolism,30.9,1932-7420,1550-4131
Cell Reports Medicine,10.6,2666-3791,2666-3791
Cell Reports Medicine,10.6,2666-3791,2666-3791
CELL RESEARCH,25.9,1748-7838,1001-0602
Cell Stem Cell,20.4,1875-9777,1934-5909
Cell Stem Cell,20.4,1875-9777,1934-5909
CELLULAR & MOLECULAR BIOLOGY LETTERS,10.2,1689-1392,1425-8153
CELLULAR & MOLECULAR BIOLOGY LETTERS,10.2,1689-1392,1425-8153
Cellular & Molecular Immunology,19.8,2042-0226,1672-7681
CEMENT & CONCRETE COMPOSITES,13.1,1873-393X,0958-9465
CEMENT & CONCRETE COMPOSITES,13.1,1873-393X,0958-9465
CEMENT AND CONCRETE RESEARCH,13.1,1873-3948,0008-8846
CEMENT AND CONCRETE RESEARCH,13.1,1873-3948,0008-8846
Chem,19.6,2451-9294,2451-9294
Chem Catalysis,11.6,2667-1093,2667-1093
Chemical Engineering Journal,13.2,1873-3212,1385-8947
Chemical Engineering Journal,13.2,1873-3212,1385-8947
CHEMICAL REVIEWS,55.8,1520-6890,0009-2665
CHEMICAL SOCIETY REVIEWS,39.3,1460-4744,0306-0012
Chinese Journal of Catalysis,17.7,1872-2067,0253-9837
Chinese Journal of Catalysis,17.7,1872-2067,0253-9837
Chinese Journal of Catalysis,17.7,1872-2067,0253-9837
CHINESE JOURNAL OF STRUCTURAL CHEMISTRY,10.3,0254-5861,0254-5861
CHINESE JOURNAL OF STRUCTURAL CHEMISTRY,10.3,0254-5861,0254-5861
CIRCULATION,38.7,1524-4539,0009-7322
CIRCULATION,38.7,1524-4539,0009-7322
CIRCULATION RESEARCH,16.2,1524-4571,0009-7330
CIRCULATION RESEARCH,16.2,1524-4571,0009-7330
CIRCULATION RESEARCH,16.2,1524-4571,0009-7330
Circulation-Arrhythmia and Electrophysiology,9.8,1941-3084,1941-3149
Clinical and Molecular Hepatology,16.9,2287-285X,2287-2728
CLINICAL CANCER RESEARCH,10.2,1557-3265,1078-0432
Clinical Gastroenterology and Hepatology,12.2,1542-7714,1542-3565
CLINICAL MICROBIOLOGY REVIEWS,19.3,1098-6618,0893-8512
CLINICAL PSYCHOLOGY REVIEW,12.2,1873-7811,0272-7358
CLINICAL REVIEWS IN ALLERGY & IMMUNOLOGY,11.3,1559-0267,1080-0549
CLINICAL REVIEWS IN ALLERGY & IMMUNOLOGY,11.3,1559-0267,1080-0549
Cold Spring Harbor Perspectives in Medicine,10.1,2157-1422,2157-1422
Communications in Transportation Research,14.5,2772-4247,2772-4247
Communications in Transportation Research,14.5,2772-4247,2772-4247
COMMUNICATIONS OF THE ACM,12.2,1557-7317,0001-0782
COMMUNICATIONS OF THE ACM,12.2,1557-7317,0001-0782
COMMUNICATIONS OF THE ACM,12.2,1557-7317,0001-0782
COMPOSITES PART B-ENGINEERING,14.2,1879-1069,1359-8368
COMPOSITES PART B-ENGINEERING,14.2,1879-1069,1359-8368
COMPOSITES SCIENCE AND TECHNOLOGY,9.8,1879-1050,0266-3538
COMPREHENSIVE REVIEWS IN FOOD SCIENCE AND FOOD SAFETY,14.1,1541-4337,1541-4337
Computational Visual Media,18.3,2096-0662,2096-0433
Computer Science Review,12.7,1876-7745,1574-0137
Computer Science Review,12.7,1876-7745,1574-0137
Computer Science Review,12.7,1876-7745,1574-0137
COMPUTERS & EDUCATION,10.5,1873-782X,0360-1315
COMPUTERS & EDUCATION,10.5,1873-782X,0360-1315
COORDINATION CHEMISTRY REVIEWS,23.5,1873-3840,0010-8545
CRITICAL REVIEWS IN ENVIRONMENTAL SCIENCE AND TECHNOLOGY,13.2,1547-6537,1064-3389
Current Climate Change Reports,10.3,2198-6061,2198-6061
Current Obesity Reports,11,2162-4968,2162-4968
Current Obesity Reports,11,2162-4968,2162-4968
CURRENT OPINION IN SOLID STATE & MATERIALS SCIENCE,13.4,1879-0348,1359-0286
CURRENT OPINION IN SOLID STATE & MATERIALS SCIENCE,13.4,1879-0348,1359-0286
CURRENT OPINION IN SOLID STATE & MATERIALS SCIENCE,13.4,1879-0348,1359-0286
Cyborg and Bionic Systems,18.1,2692-7632,N/A
Cyborg and Bionic Systems,18.1,2692-7632,N/A
CYTOKINE & GROWTH FACTOR REVIEWS,11.8,1879-0305,1359-6101
CYTOKINE & GROWTH FACTOR REVIEWS,11.8,1879-0305,1359-6101
DESALINATION,9.8,1873-4464,0011-9164
DESALINATION,9.8,1873-4464,0011-9164
DIABETES CARE,16.6,1935-5548,0149-5992
DIABETOLOGIA,10.2,1432-0428,0012-186X
DRUG RESISTANCE UPDATES,21.7,1532-2084,1368-7646
DRUGS,14.4,1179-1950,0012-6667
DRUGS,14.4,1179-1950,0012-6667
Earth System Science Data,11.6,1866-3516,1866-3508
Earth System Science Data,11.6,1866-3516,1866-3508
EARTH-SCIENCE REVIEWS,10,1872-6828,0012-8252
EBioMedicine,10.8,2352-3964,2352-3964
EClinicalMedicine,10,2589-5370,N/A
Eco-Environment & Health,17.6,2772-9850,N/A
EcoMat,12.6,2567-3173,N/A
EcoMat,12.6,2567-3173,N/A
EcoMat,12.6,2567-3173,N/A
EDUCATIONAL PSYCHOLOGIST,11.4,1532-6985,0046-1520
EDUCATIONAL PSYCHOLOGIST,11.4,1532-6985,0046-1520
Educational Research Review,10.6,1878-0385,1747-938X
Electrochemical Energy Reviews,36.3,2520-8136,2520-8489
eLight,32.1,2662-8643,2097-1710
ENDOCRINE PATHOLOGY,14.7,1559-0097,1046-3976
ENDOCRINE PATHOLOGY,14.7,1559-0097,1046-3976
ENDOCRINE REVIEWS,22,1945-7189,0163-769X
ENDOSCOPY,12.8,1438-8812,0013-726X
ENDOSCOPY,12.8,1438-8812,0013-726X
Energy & Environmental Materials,14.1,2575-0356,N/A
Energy & Environmental Science,31,1754-5706,1754-5692
Energy & Environmental Science,31,1754-5706,1754-5692
Energy & Environmental Science,31,1754-5706,1754-5692
Energy & Environmental Science,31,1754-5706,1754-5692
ENERGY CONVERSION AND MANAGEMENT,10.9,1879-2227,0196-8904
ENERGY CONVERSION AND MANAGEMENT,10.9,1879-2227,0196-8904
ENERGY CONVERSION AND MANAGEMENT,10.9,1879-2227,0196-8904
Energy Economics,14.2,1873-6181,0140-9883
Energy Material Advances,15.9,2692-7640,2097-1133
Energy Materials,11.2,2770-5900,N/A
Energy Materials,11.2,2770-5900,N/A
Energy Storage Materials,20.2,2405-8289,2405-8297
Energy Storage Materials,20.2,2405-8289,2405-8297
Energy Storage Materials,20.2,2405-8289,2405-8297
Energy Strategy Reviews,9.9,2211-4688,2211-467X
EnergyChem,23.8,2589-7780,2589-7780
EnergyChem,23.8,2589-7780,2589-7780
EnergyChem,23.8,2589-7780,2589-7780
EnergyChem,23.8,2589-7780,2589-7780
Engineering,11.6,2096-0026,2095-8099
Environmental Chemistry Letters,20.4,1610-3661,1610-3653
Environmental Chemistry Letters,20.4,1610-3661,1610-3653
Environmental Chemistry Letters,20.4,1610-3661,1610-3653
ENVIRONMENTAL HEALTH PERSPECTIVES,9.8,1552-9924,0091-6765
ENVIRONMENTAL HEALTH PERSPECTIVES,9.8,1552-9924,0091-6765
ENVIRONMENTAL HEALTH PERSPECTIVES,9.8,1552-9924,0091-6765
Environmental Impact Assessment Review,11.2,1873-6432,0195-9255
ENVIRONMENTAL SCIENCE & TECHNOLOGY,11.3,1520-5851,0013-936X
ENVIRONMENTAL SCIENCE & TECHNOLOGY,11.3,1520-5851,0013-936X
Environmental Science and Ecotechnology,14.3,2666-4984,2666-4984
Environmental Science and Ecotechnology,14.3,2666-4984,2666-4984
eScience,36.6,2667-1417,2097-2431
eScience,36.6,2667-1417,2097-2431
eTransportation,17,2590-1168,2590-1168
eTransportation,17,2590-1168,2590-1168
eTransportation,17,2590-1168,2590-1168
EUROPEAN HEART JOURNAL,35.7,1522-9645,0195-668X
EUROPEAN JOURNAL OF HEART FAILURE,10.8,1879-0844,1388-9842
EUROPEAN RESPIRATORY JOURNAL,21.2,1399-3003,0903-1936
European Respiratory Review,10.4,1600-0617,0905-9180
EUROPEAN UROLOGY,25.2,1873-7560,0302-2838
Evidence-Based Mental Health,11.4,1468-960X,1362-0347
EXPERIMENTAL AND MOLECULAR MEDICINE,12.9,2092-6413,1226-3613
EXPERIMENTAL AND MOLECULAR MEDICINE,12.9,2092-6413,1226-3613
Experimental Hematology & Oncology,13.5,2162-3619,N/A
Experimental Hematology & Oncology,13.5,2162-3619,N/A
Exploration,22.5,2766-2098,2766-8509
Exploration,22.5,2766-2098,2766-8509
Exploration,22.5,2766-2098,2766-8509
Facta Universitatis-Series Mechanical Engineering,11.8,2335-0164,0354-2025
FEMS MICROBIOLOGY REVIEWS,12.3,1574-6976,0168-6445
Food Chemistry,9.8,1873-7072,0308-8146
Food Chemistry,9.8,1873-7072,0308-8146
Food Chemistry,9.8,1873-7072,0308-8146
FOOD HYDROCOLLOIDS,12.4,1873-7137,0268-005X
FOOD HYDROCOLLOIDS,12.4,1873-7137,0268-005X
Food Packaging and Shelf Life,10.6,2214-2894,2214-2894
Foundations and Trends in Information Retrieval,12.9,1554-0677,1554-0669
Foundations and Trends in Machine Learning,25.4,1935-8245,1935-8237
FUNGAL DIVERSITY,24.8,1878-9129,1560-2745
Gastroenterology,25.9,1528-0012,0016-5085
Genome Medicine,11.2,1756-994X,1756-994X
GLOBAL CHANGE BIOLOGY,12.1,1365-2486,1354-1013
GLOBAL CHANGE BIOLOGY,12.1,1365-2486,1354-1013
GLOBAL CHANGE BIOLOGY,12.1,1365-2486,1354-1013
GOVERNMENT INFORMATION QUARTERLY,10,1872-9517,0740-624X
Green Energy & Environment,14.6,2468-0257,2096-2797
Green Energy & Environment,14.6,2468-0257,2096-2797
Green Energy & Environment,14.6,2468-0257,2096-2797
Green Energy & Environment,14.6,2468-0257,2096-2797
Green Energy and Intelligent Transportation,16.4,2773-1537,2097-2512
GUT,26.2,1468-3288,0017-5749
Gut Microbes,11,1949-0984,1949-0976
Gut Microbes,11,1949-0984,1949-0976
HemaSphere,14.6,2572-9241,N/A
HEPATOLOGY,16.8,1527-3350,0270-9139
Human Reproduction Open,11.1,2399-3529,N/A
Human Reproduction Open,11.1,2399-3529,N/A
HUMAN REPRODUCTION UPDATE,16.1,1460-2369,1355-4786
HUMAN REPRODUCTION UPDATE,16.1,1460-2369,1355-4786
HUMAN RESOURCE MANAGEMENT REVIEW,13,1873-7889,1053-4822
IEEE Communications Surveys and Tutorials,46.7,1553-877X,N/A
IEEE Communications Surveys and Tutorials,46.7,1553-877X,N/A
IEEE Computational Intelligence Magazine,11.2,1556-6048,1556-603X
IEEE Geoscience and Remote Sensing Magazine,16.4,2168-6831,2473-2397
IEEE Geoscience and Remote Sensing Magazine,16.4,2168-6831,2473-2397
IEEE Geoscience and Remote Sensing Magazine,16.4,2168-6831,2473-2397
IEEE Journal of Selected Topics in Signal Processing,13.7,1941-0484,1932-4553
IEEE JOURNAL ON SELECTED AREAS IN COMMUNICATIONS,17.2,1558-0008,0733-8716
IEEE JOURNAL ON SELECTED AREAS IN COMMUNICATIONS,17.2,1558-0008,0733-8716
IEEE Reviews in Biomedical Engineering,12,1941-1189,1937-3333
IEEE SIGNAL PROCESSING MAGAZINE,10.3,1558-0792,1053-5888
IEEE Transactions on Affective Computing,9.8,1949-3045,1949-3045
IEEE Transactions on Affective Computing,9.8,1949-3045,1949-3045
IEEE TRANSACTIONS ON CIRCUITS AND SYSTEMS FOR VIDEO TECHNOLOGY,11.1,1558-2205,1051-8215
IEEE TRANSACTIONS ON CONSUMER ELECTRONICS,10.9,1558-4127,0098-3063
IEEE TRANSACTIONS ON CONSUMER ELECTRONICS,10.9,1558-4127,0098-3063
IEEE Transactions on Cybernetics,10.5,2168-2275,2168-2267
IEEE Transactions on Cybernetics,10.5,2168-2275,2168-2267
IEEE Transactions on Cybernetics,10.5,2168-2275,2168-2267
IEEE TRANSACTIONS ON EVOLUTIONARY COMPUTATION,12,1941-0026,1089-778X
IEEE TRANSACTIONS ON EVOLUTIONARY COMPUTATION,12,1941-0026,1089-778X
IEEE TRANSACTIONS ON FUZZY SYSTEMS,11.9,1941-0034,1063-6706
IEEE TRANSACTIONS ON FUZZY SYSTEMS,11.9,1941-0034,1063-6706
IEEE TRANSACTIONS ON IMAGE PROCESSING,13.7,1941-0042,1057-7149
IEEE TRANSACTIONS ON IMAGE PROCESSING,13.7,1941-0042,1057-7149
IEEE Transactions on Industrial Informatics,9.9,1941-0050,1551-3203
IEEE Transactions on Industrial Informatics,9.9,1941-0050,1551-3203
IEEE Transactions on Industrial Informatics,9.9,1941-0050,1551-3203
IEEE Transactions on Intelligent Vehicles,14.3,2379-8904,2379-8858
IEEE Transactions on Intelligent Vehicles,14.3,2379-8904,2379-8858
IEEE Transactions on Intelligent Vehicles,14.3,2379-8904,2379-8858
IEEE TRANSACTIONS ON KNOWLEDGE AND DATA ENGINEERING,10.4,1558-2191,1041-4347
IEEE TRANSACTIONS ON KNOWLEDGE AND DATA ENGINEERING,10.4,1558-2191,1041-4347
IEEE TRANSACTIONS ON KNOWLEDGE AND DATA ENGINEERING,10.4,1558-2191,1041-4347
IEEE TRANSACTIONS ON MEDICAL IMAGING,9.8,1558-254X,0278-0062
IEEE TRANSACTIONS ON MEDICAL IMAGING,9.8,1558-254X,0278-0062
IEEE TRANSACTIONS ON MEDICAL IMAGING,9.8,1558-254X,0278-0062
IEEE TRANSACTIONS ON MEDICAL IMAGING,9.8,1558-254X,0278-0062
IEEE TRANSACTIONS ON MEDICAL IMAGING,9.8,1558-254X,0278-0062
IEEE TRANSACTIONS ON MULTIMEDIA,9.7,1941-0077,1520-9210
IEEE TRANSACTIONS ON MULTIMEDIA,9.7,1941-0077,1520-9210
IEEE TRANSACTIONS ON MULTIMEDIA,9.7,1941-0077,1520-9210
IEEE TRANSACTIONS ON PATTERN ANALYSIS AND MACHINE INTELLIGENCE,18.6,1939-3539,0162-8828
IEEE TRANSACTIONS ON PATTERN ANALYSIS AND MACHINE INTELLIGENCE,18.6,1939-3539,0162-8828
IEEE Transactions on Robotics,10.5,1941-0468,1552-3098
IEEE Transactions on Smart Grid,9.8,1949-3061,1949-3053
IEEE Transactions on Sustainable Energy,10,1949-3037,1949-3029
IEEE Transactions on Sustainable Energy,10,1949-3037,1949-3029
IEEE Transactions on Sustainable Energy,10,1949-3037,1949-3029
IEEE TRANSACTIONS ON WIRELESS COMMUNICATIONS,10.7,1558-2248,1536-1276
IEEE TRANSACTIONS ON WIRELESS COMMUNICATIONS,10.7,1558-2248,1536-1276
IEEE WIRELESS COMMUNICATIONS,11.6,1558-0687,1536-1284
IEEE WIRELESS COMMUNICATIONS,11.6,1558-0687,1536-1284
IEEE WIRELESS COMMUNICATIONS,11.6,1558-0687,1536-1284
IEEE WIRELESS COMMUNICATIONS,11.6,1558-0687,1536-1284
IEEE-CAA Journal of Automatica Sinica,19.2,2329-9274,2329-9266
iMeta,33.2,2770-596X,2770-5986
Immunity,26.3,1097-4180,1074-7613
Implementation Science,13.4,1748-5908,1748-5908
Implementation Science,13.4,1748-5908,1748-5908
Industrial Chemistry & Materials,11.9,2755-2500,2755-2608
Industrial Chemistry & Materials,11.9,2755-2500,2755-2608
InfoMat,22.3,2567-3165,N/A
Information Fusion,15.5,1872-6305,1566-2535
Information Fusion,15.5,1872-6305,1566-2535
Innovation,25.7,2666-6758,2666-6758
INTENSIVE CARE MEDICINE,22.1,1432-1238,0342-4642
Interdisciplinary Materials,31.6,2767-441X,2767-4401
Interdisciplinary Materials,31.6,2767-441X,2767-4401
Interdisciplinary Materials,31.6,2767-441X,2767-4401
Interdisciplinary Medicine,13.6,2832-6245,2832-6237
International Journal of Biological Sciences,10,1449-2288,1449-2288
International Journal of Educational Technology in Higher Education,16.7,2365-9440,2365-9440
International Journal of Extreme Manufacturing,21.3,2631-7990,2631-8644
International Journal of Extreme Manufacturing,21.3,2631-7990,2631-8644
INTERNATIONAL JOURNAL OF INFORMATION MANAGEMENT,27,1873-4707,0268-4012
INTERNATIONAL JOURNAL OF MACHINE TOOLS & MANUFACTURE,18.8,1879-2170,0890-6955
INTERNATIONAL JOURNAL OF MACHINE TOOLS & MANUFACTURE,18.8,1879-2170,0890-6955
INTERNATIONAL JOURNAL OF MANAGEMENT REVIEWS,10.8,1468-2370,1460-8545
INTERNATIONAL JOURNAL OF MANAGEMENT REVIEWS,10.8,1468-2370,1460-8545
International Journal of Mining Science and Technology,13.7,2212-6066,2095-2686
International Journal of Oral Science,12.2,2049-3169,1674-2818
INTERNATIONAL JOURNAL OF PLASTICITY,12.8,1879-2154,0749-6419
INTERNATIONAL JOURNAL OF PLASTICITY,12.8,1879-2154,0749-6419
INTERNATIONAL JOURNAL OF PLASTICITY,12.8,1879-2154,0749-6419
INTERNATIONAL JOURNAL OF PRODUCTION ECONOMICS,10,1873-7579,0925-5273
INTERNATIONAL JOURNAL OF PRODUCTION ECONOMICS,10,1873-7579,0925-5273
INTERNATIONAL JOURNAL OF PRODUCTION ECONOMICS,10,1873-7579,0925-5273
International Journal of Surgery,10.3,1743-9159,1743-9191
International Journal of Transgender Health,14.8,2689-5277,2689-5269
International Journal of Transgender Health,14.8,2689-5277,2689-5269
International Journal of Transgender Health,14.8,2689-5277,2689-5269
International Journal of Transgender Health,14.8,2689-5277,2689-5269
INTERNATIONAL MATERIALS REVIEWS,15.5,1743-2804,0950-6608
International Review of Financial Analysis,9.8,1873-8079,1057-5219
ISME Journal,10,1751-7370,1751-7362
ISME Journal,10,1751-7370,1751-7362
ISPRS JOURNAL OF PHOTOGRAMMETRY AND REMOTE SENSING,12.2,1872-8235,0924-2716
ISPRS JOURNAL OF PHOTOGRAMMETRY AND REMOTE SENSING,12.2,1872-8235,0924-2716
ISPRS JOURNAL OF PHOTOGRAMMETRY AND REMOTE SENSING,12.2,1872-8235,0924-2716
ISPRS JOURNAL OF PHOTOGRAMMETRY AND REMOTE SENSING,12.2,1872-8235,0924-2716
JACC: CardioOncology,13.4,2666-0873,2666-0873
JACC: CardioOncology,13.4,2666-0873,2666-0873
JACC-Cardiovascular Imaging,15.2,1876-7591,1936-878X
JACC-Cardiovascular Imaging,15.2,1876-7591,1936-878X
JACC-Cardiovascular Interventions,11.4,1876-7605,1936-8798
JACC-Heart Failure,11.8,2213-1787,2213-1779
JAMA Cardiology,14.1,2380-6591,2380-6583
JAMA Dermatology,11,2168-6084,2168-6068
JAMA Health Forum,11.3,2689-0186,2689-0186
JAMA Health Forum,11.3,2689-0186,2689-0186
JAMA Health Forum,11.3,2689-0186,2689-0186
JAMA Internal Medicine,23.3,2168-6114,2168-6106
JAMA Network Open,9.7,2574-3805,2574-3805
JAMA Neurology,21.4,2168-6157,2168-6149
JAMA Oncology,20.1,2374-2445,2374-2437
JAMA Pediatrics,18,2168-6211,2168-6203
JAMA Psychiatry,17.1,2168-6238,2168-622X
JAMA Surgery,14.9,2168-6262,2168-6254
JAMA-JOURNAL OF THE AMERICAN MEDICAL ASSOCIATION,55,1538-3598,0098-7484
JMIR Medical Education,12.6,2369-3762,2369-3762
Joule,35.4,2542-4351,2542-4351
Joule,35.4,2542-4351,2542-4351
Joule,35.4,2542-4351,2542-4351
Journal for ImmunoTherapy of Cancer,10.6,2051-1426,N/A
Journal for ImmunoTherapy of Cancer,10.6,2051-1426,N/A
Journal of Advanced Ceramics,16.6,2227-8508,2226-4108
Journal of Advanced Research,13,2090-1224,2090-1232
JOURNAL OF ALLERGY AND CLINICAL IMMUNOLOGY,11.2,1097-6825,0091-6749
JOURNAL OF ALLERGY AND CLINICAL IMMUNOLOGY,11.2,1097-6825,0091-6749
JOURNAL OF BIOMEDICAL SCIENCE,12.1,1423-0127,1021-7770
JOURNAL OF BIOMEDICAL SCIENCE,12.1,1423-0127,1021-7770
Journal of Bioresources and Bioproducts,13,2369-9698,2097-2415
Journal of Business Research,9.8,1873-7978,0148-2963
Journal of Cleaner Production,10,1879-1786,0959-6526
Journal of Cleaner Production,10,1879-1786,0959-6526
Journal of Cleaner Production,10,1879-1786,0959-6526
JOURNAL OF CLINICAL INVESTIGATION,13.6,1558-8238,0021-9738
JOURNAL OF CLINICAL ONCOLOGY,43.4,1527-7755,0732-183X
JOURNAL OF CONTROLLED RELEASE,11.5,1873-4995,0168-3659
JOURNAL OF CONTROLLED RELEASE,11.5,1873-4995,0168-3659
JOURNAL OF ECONOMIC LITERATURE,10.6,2328-8175,0022-0515
Journal of Energy Chemistry,14.9,2095-4956,2095-4956
Journal of Energy Chemistry,14.9,2095-4956,2095-4956
Journal of Energy Chemistry,14.9,2095-4956,2095-4956
Journal of Energy Chemistry,14.9,2095-4956,2095-4956
Journal of Energy Storage,9.8,2352-1538,2352-152X
JOURNAL OF EXPERIMENTAL & CLINICAL CANCER RESEARCH,12.8,1756-9966,N/A
JOURNAL OF EXPERIMENTAL MEDICINE,10.6,1540-9538,0022-1007
JOURNAL OF EXPERIMENTAL MEDICINE,10.6,1540-9538,0022-1007
Journal of Extracellular Vesicles,14.5,2001-3078,N/A
JOURNAL OF FINANCIAL ECONOMICS,12,N/A,0304-405X
JOURNAL OF FINANCIAL ECONOMICS,12,N/A,0304-405X
JOURNAL OF HAZARDOUS MATERIALS,11.3,1873-3336,0304-3894
JOURNAL OF HAZARDOUS MATERIALS,11.3,1873-3336,0304-3894
Journal of Hematology & Oncology,40.4,1756-8722,N/A
Journal of Hematology & Oncology,40.4,1756-8722,N/A
JOURNAL OF HEPATOLOGY,33,1600-0641,0168-8278
Journal of High Energy Astrophysics,10.5,2214-4056,2214-4048
Journal of Hospitality Marketing & Management,11,1936-8631,1936-8623
Journal of Hospitality Marketing & Management,11,1936-8631,1936-8623
Journal of Hospitality Marketing & Management,11,1936-8631,1936-8623
Journal of Industrial Information Integration,11.6,2452-414X,2467-964X
Journal of Industrial Information Integration,11.6,2452-414X,2467-964X
JOURNAL OF INFECTION,11.9,1532-2742,0163-4453
Journal of Innovation & Knowledge,15.5,2444-569X,2530-7614
Journal of Innovation & Knowledge,15.5,2444-569X,2530-7614
Journal of Magnesium and Alloys,13.8,2213-9567,2213-9567
JOURNAL OF MANUFACTURING SYSTEMS,14.2,1878-6642,0278-6125
JOURNAL OF MANUFACTURING SYSTEMS,14.2,1878-6642,0278-6125
JOURNAL OF MANUFACTURING SYSTEMS,14.2,1878-6642,0278-6125
JOURNAL OF MARKETING,10.4,1547-7185,0022-2429
Journal of Materials Science & Technology,14.3,1941-1162,1005-0302
Journal of Materials Science & Technology,14.3,1941-1162,1005-0302
JOURNAL OF NANOBIOTECHNOLOGY,12.6,1477-3155,N/A
JOURNAL OF NANOBIOTECHNOLOGY,12.6,1477-3155,N/A
Journal of Neuroinflammation,10.1,1742-2094,N/A
Journal of Neuroinflammation,10.1,1742-2094,N/A
Journal of Ocean Engineering and Science,11.8,2468-0133,2468-0133
Journal of Ocean Engineering and Science,11.8,2468-0133,2468-0133
JOURNAL OF OPERATIONS MANAGEMENT,10.4,1873-1317,0272-6963
JOURNAL OF OPERATIONS MANAGEMENT,10.4,1873-1317,0272-6963
JOURNAL OF PHOTOCHEMISTRY AND PHOTOBIOLOGY C-PHOTOCHEMISTRY REVIEWS,13.1,1873-2739,1389-5567
Journal of Research in Interactive Marketing,11.6,2040-7130,2040-7122
JOURNAL OF RETAILING,10.2,1873-3271,0022-4359
Journal of Retailing and Consumer Services,13.1,1873-1384,0969-6989
Journal of Rock Mechanics and Geotechnical Engineering,10.2,2589-0417,1674-7755
Journal of Sport and Health Science,10.3,2213-2961,2095-2546
Journal of Sport and Health Science,10.3,2213-2961,2095-2546
JOURNAL OF STRATEGIC INFORMATION SYSTEMS,11.8,1873-1198,0963-8687
JOURNAL OF STRATEGIC INFORMATION SYSTEMS,11.8,1873-1198,0963-8687
JOURNAL OF STRATEGIC INFORMATION SYSTEMS,11.8,1873-1198,0963-8687
Journal of Supply Chain Management,9.9,1745-493X,1523-2409
JOURNAL OF THE ACADEMY OF MARKETING SCIENCE,10.1,1552-7824,0092-0703
JOURNAL OF THE AMERICAN ACADEMY OF DERMATOLOGY,11.8,1097-6787,0190-9622
Journal of the American Chemical Society,15.7,1520-5126,0002-7863
JOURNAL OF THE AMERICAN COLLEGE OF CARDIOLOGY,22.3,1558-3597,0735-1097
Journal of the National Comprehensive Cancer Network,16.4,1540-1413,1540-1405
JOURNAL OF THE ROYAL SOCIETY OF MEDICINE,10.3,1758-1095,0141-0768
Journal of Thoracic Oncology,20.8,1556-1380,1556-0864
Journal of Thoracic Oncology,20.8,1556-1380,1556-0864
KIDNEY INTERNATIONAL,12.6,1523-1755,0085-2538
Kidney International Supplements,89.6,2157-1716,2157-1724
LANCET,88.5,1474-547X,0140-6736
Lancet Child & Adolescent Health,15.5,2352-4642,2352-4642
Lancet Diabetes & Endocrinology,41.8,2213-8595,2213-8587
Lancet Digital Health,24.1,2589-7500,N/A
Lancet Digital Health,24.1,2589-7500,N/A
Lancet Gastroenterology & Hepatology,38.6,2468-1253,N/A
Lancet Global Health,18,2214-109X,2214-109X
Lancet Haematology,17.7,N/A,2352-3026
Lancet Healthy Longevity,14.6,2666-7568,2666-7568
Lancet HIV,13,2352-3018,2352-3018
Lancet HIV,13,2352-3018,2352-3018
LANCET INFECTIOUS DISEASES,31,1474-4457,1473-3099
Lancet Microbe,20.4,2666-5247,N/A
Lancet Microbe,20.4,2666-5247,N/A
LANCET NEUROLOGY,45.5,1474-4465,1474-4422
LANCET ONCOLOGY,35.9,1474-5488,1470-2045
Lancet Planetary Health,21.6,2542-5196,N/A
Lancet Planetary Health,21.6,2542-5196,N/A
Lancet Psychiatry,24.8,N/A,2215-0374
Lancet Public Health,25.2,2468-2667,2468-2667
Lancet Regional Health-Europe,13,2666-7762,2666-7762
Lancet Regional Health-Europe,13,2666-7762,2666-7762
Lancet Respiratory Medicine,32.8,N/A,2213-2600
Lancet Respiratory Medicine,32.8,N/A,2213-2600
Lancet Rheumatology,16.4,2665-9913,2665-9913
Laser & Photonics Reviews,10,1863-8899,1863-8880
Laser & Photonics Reviews,10,1863-8899,1863-8880
Laser & Photonics Reviews,10,1863-8899,1863-8880
LEADERSHIP QUARTERLY,9.7,1873-3409,1048-9843
LEADERSHIP QUARTERLY,9.7,1873-3409,1048-9843
LEUKEMIA,13.4,1476-5551,0887-6924
LEUKEMIA,13.4,1476-5551,0887-6924
Light-Advanced Manufacturing,10.6,2831-4093,2689-9620
Light-Science & Applications,23.4,2047-7538,2095-5545
Living Reviews in Relativity,62.5,1433-8351,2367-3613
Living Reviews in Solar Physics,27.6,1614-4961,2367-3648
Materials Futures,10.8,2752-5724,N/A
Materials Horizons,10.7,2051-6355,2051-6347
Materials Horizons,10.7,2051-6355,2051-6347
Materials Reports: Energy,13.8,2666-9358,N/A
Materials Reports: Energy,13.8,2666-9358,N/A
Materials Reports: Energy,13.8,2666-9358,N/A
MATERIALS SCIENCE & ENGINEERING R-REPORTS,26.8,1879-212X,0927-796X
MATERIALS SCIENCE & ENGINEERING R-REPORTS,26.8,1879-212X,0927-796X
Materials Today,22,1873-4103,1369-7021
Materials Today Bio,10.2,2590-0064,2590-0064
Materials Today Bio,10.2,2590-0064,2590-0064
Matter,17.5,2590-2385,2590-2393
Med,11.8,2666-6340,2666-6340
MedComm,10.7,2688-2663,N/A
MEDICAL IMAGE ANALYSIS,11.8,1361-8423,1361-8415
MEDICAL IMAGE ANALYSIS,11.8,1361-8423,1361-8415
MEDICAL IMAGE ANALYSIS,11.8,1361-8423,1361-8415
MEDICAL IMAGE ANALYSIS,11.8,1361-8423,1361-8415
MEDICINAL RESEARCH REVIEWS,11.6,1098-1128,0198-6325
MEDICINAL RESEARCH REVIEWS,11.6,1098-1128,0198-6325
METABOLISM-CLINICAL AND EXPERIMENTAL,11.9,1532-8600,0026-0495
Microbiome,12.7,2049-2618,2049-2618
Microsystems & Nanoengineering,9.9,2055-7434,2055-7434
Microsystems & Nanoengineering,9.9,2055-7434,2055-7434
Military Medical Research,22.9,2054-9369,2095-7467
MMWR Recommendations and Reports,60.1,1545-8601,1057-5987
MMWR Surveillance Summaries,49.8,1545-8636,1545-8636
MMWR-MORBIDITY AND MORTALITY WEEKLY REPORT,17.3,1545-861X,0149-2195
MOLECULAR ASPECTS OF MEDICINE,10.3,1872-9452,0098-2997
MOLECULAR ASPECTS OF MEDICINE,10.3,1872-9452,0098-2997
Molecular Biomedicine,10.1,2662-8651,N/A
Molecular Biomedicine,10.1,2662-8651,N/A
Molecular Biomedicine,10.1,2662-8651,N/A
Molecular Cancer,33.9,1476-4598,N/A
Molecular Cancer,33.9,1476-4598,N/A
Molecular Cell,16.6,1097-4164,1097-2765
Molecular Cell,16.6,1097-4164,1097-2765
Molecular Neurodegeneration,17.5,1750-1326,N/A
Molecular Plant,24.1,1752-9867,1674-2052
Molecular Plant,24.1,1752-9867,1674-2052
MOLECULAR PSYCHIATRY,10.1,1476-5578,1359-4184
MOLECULAR PSYCHIATRY,10.1,1476-5578,1359-4184
MOLECULAR PSYCHIATRY,10.1,1476-5578,1359-4184
MOLECULAR THERAPY,12,1525-0024,1525-0016
MOLECULAR THERAPY,12,1525-0024,1525-0016
MOLECULAR THERAPY,12,1525-0024,1525-0016
Mycosphere,15.1,2077-7019,2077-7000
Nano Convergence,11,2196-5404,2196-5404
Nano Convergence,11,2196-5404,2196-5404
Nano Convergence,11,2196-5404,2196-5404
Nano Energy,17.1,2211-3282,2211-2855
Nano Energy,17.1,2211-3282,2211-2855
Nano Energy,17.1,2211-3282,2211-2855
Nano Energy,17.1,2211-3282,2211-2855
Nano Materials Science,17.9,2589-9651,2096-6482
Nano Materials Science,17.9,2589-9651,2096-6482
Nano Today,10.9,1878-044X,1748-0132
Nano Today,10.9,1878-044X,1748-0132
Nano Today,10.9,1878-044X,1748-0132
Nano-Micro Letters,36.3,2150-5551,2311-6706
Nano-Micro Letters,36.3,2150-5551,2311-6706
Nano-Micro Letters,36.3,2150-5551,2311-6706
National Science Review,17.1,2053-714X,2095-5138
NATURAL PRODUCT REPORTS,10.6,1460-4752,0265-0568
NATURAL PRODUCT REPORTS,10.6,1460-4752,0265-0568
NATURAL PRODUCT REPORTS,10.6,1460-4752,0265-0568
NATURE,48.5,1476-4687,0028-0836
Nature Aging,19.5,2662-8465,N/A
Nature Aging,19.5,2662-8465,N/A
Nature Aging,19.5,2662-8465,N/A
Nature Astronomy,14.3,2397-3366,2397-3366
Nature Biomedical Engineering,26.7,2157-846X,2157-846X
NATURE BIOTECHNOLOGY,41.7,1546-1696,1087-0156
Nature Cancer,28.5,2662-1347,N/A
Nature Cardiovascular Research,10.8,2731-0590,N/A
Nature Catalysis,44.6,2520-1158,2520-1158
NATURE CELL BIOLOGY,19.5,1476-4679,1465-7392
Nature Chemical Biology,13.7,1552-4469,1552-4450
Nature Chemistry,20.7,1755-4349,1755-4330
Nature Climate Change,27.1,1758-6798,1758-678X
Nature Climate Change,27.1,1758-6798,1758-678X
Nature Climate Change,27.1,1758-6798,1758-678X
Nature Communications,15.7,2041-1723,N/A
Nature Computational Science,18.3,2662-8457,N/A
Nature Computational Science,18.3,2662-8457,N/A
Nature Computational Science,18.3,2662-8457,N/A
Nature Ecology & Evolution,14.5,2397-334X,2397-334X
Nature Ecology & Evolution,14.5,2397-334X,2397-334X
Nature Electronics,40.9,2520-1131,2520-1131
Nature Energy,60.1,2058-7546,2058-7546
Nature Energy,60.1,2058-7546,2058-7546
Nature Food,21.9,2662-1355,N/A
NATURE GENETICS,29,1546-1718,1061-4036
Nature Geoscience,16.1,1752-0908,1752-0894
Nature Human Behaviour,15.9,2397-3374,2397-3374
Nature Human Behaviour,15.9,2397-3374,2397-3374
Nature Human Behaviour,15.9,2397-3374,2397-3374
NATURE IMMUNOLOGY,27.6,1529-2916,1529-2908
Nature Machine Intelligence,23.9,2522-5839,N/A
Nature Machine Intelligence,23.9,2522-5839,N/A
NATURE MATERIALS,38.5,1476-4660,1476-1122
NATURE MATERIALS,38.5,1476-4660,1476-1122
NATURE MATERIALS,38.5,1476-4660,1476-1122
NATURE MATERIALS,38.5,1476-4660,1476-1122
NATURE MEDICINE,50,1546-170X,1078-8956
NATURE MEDICINE,50,1546-170X,1078-8956
NATURE MEDICINE,50,1546-170X,1078-8956
Nature Metabolism,20.8,2522-5812,N/A
NATURE METHODS,32.1,1548-7105,1548-7091
Nature Microbiology,19.4,2058-5276,2058-5276
Nature Nanotechnology,35.1,1748-3395,1748-3387
Nature Nanotechnology,35.1,1748-3395,1748-3387
NATURE NEUROSCIENCE,20,1546-1726,1097-6256
Nature Photonics,32.9,1749-4893,1749-4885
Nature Photonics,32.9,1749-4893,1749-4885
Nature Physics,18.4,1745-2481,1745-2473
Nature Plants,13.6,2055-0278,2055-026X
Nature Protocols,16,1750-2799,1754-2189
Nature Reviews Bioengineering,37.6,2731-6092,N/A
Nature Reviews Bioengineering,37.6,2731-6092,N/A
NATURE REVIEWS CANCER,66.8,1474-1768,1474-175X
Nature Reviews Cardiology,44.2,1759-5010,1759-5002
Nature Reviews Chemistry,51.7,2397-3358,N/A
Nature Reviews Clinical Oncology,83.2,1759-4782,1759-4774
Nature Reviews Disease Primers,60.6,2056-676X,2056-676X
NATURE REVIEWS DRUG DISCOVERY,101.8,1474-1784,1474-1776
NATURE REVIEWS DRUG DISCOVERY,101.8,1474-1784,1474-1776
Nature Reviews Earth & Environment,71.5,2662-138X,N/A
Nature Reviews Earth & Environment,71.5,2662-138X,N/A
Nature Reviews Endocrinology,42.3,1759-5037,1759-5029
Nature Reviews Gastroenterology & Hepatology,51.6,1759-5053,1759-5045
NATURE REVIEWS GENETICS,52,1471-0064,1471-0056
NATURE REVIEWS IMMUNOLOGY,60.9,1474-1741,1474-1733
Nature Reviews Materials,87.2,2058-8437,2058-8437
Nature Reviews Materials,87.2,2058-8437,2058-8437
Nature Reviews Methods Primers,56,2662-8449,N/A
NATURE REVIEWS MICROBIOLOGY,103.3,1740-1534,1740-1526
NATURE REVIEWS MOLECULAR CELL BIOLOGY,90.2,1471-0080,1471-0072
Nature Reviews Nephrology,39.8,1759-507X,1759-5061
Nature Reviews Neurology,33.1,1759-4766,1759-4758
NATURE REVIEWS NEUROSCIENCE,26.7,1471-0048,1471-003X
Nature Reviews Physics,39.5,2522-5820,N/A
Nature Reviews Physics,39.5,2522-5820,N/A
Nature Reviews Psychology,21.8,2731-0574,N/A
Nature Reviews Rheumatology,32.7,1759-4804,1759-4790
Nature Reviews Urology,14.6,1759-4820,1759-4812
NATURE STRUCTURAL & MOLECULAR BIOLOGY,10.1,1545-9985,1545-9993
NATURE STRUCTURAL & MOLECULAR BIOLOGY,10.1,1545-9985,1545-9993
NATURE STRUCTURAL & MOLECULAR BIOLOGY,10.1,1545-9985,1545-9993
Nature Sustainability,27.1,2398-9629,2398-9629
Nature Sustainability,27.1,2398-9629,2398-9629
Nature Sustainability,27.1,2398-9629,2398-9629
Nature Synthesis,20,2731-0582,N/A
Nature Water,24.1,2731-6084,N/A
Nature Water,24.1,2731-6084,N/A
NBER Macroeconomics Annual,10.7,1537-2642,0889-3365
Neuron,15.3,1097-4199,0896-6273
NEURO-ONCOLOGY,13.4,1523-5866,1522-8517
NEURO-ONCOLOGY,13.4,1523-5866,1522-8517
NEW ASTRONOMY REVIEWS,26.8,1872-9630,1387-6473
NEW ENGLAND JOURNAL OF MEDICINE,78.5,1533-4406,0028-4793
npj Clean Water,11.4,2059-7037,2059-7037
npj Clean Water,11.4,2059-7037,2059-7037
npj Clean Water,11.4,2059-7037,2059-7037
npj Computational Materials,11.9,2057-3960,N/A
npj Computational Materials,11.9,2057-3960,N/A
npj Digital Medicine,15.1,2398-6352,2398-6352
npj Digital Medicine,15.1,2398-6352,2398-6352
npj Flexible Electronics,15.5,2397-4621,N/A
npj Flexible Electronics,15.5,2397-4621,N/A
NUCLEIC ACIDS RESEARCH,13.1,1362-4962,0305-1048
Oeconomia Copernicana,10.8,2353-1827,2083-1277
One Earth,15.3,2590-3322,2590-3330
One Earth,15.3,2590-3322,2590-3330
One Earth,15.3,2590-3322,2590-3330
Opto-Electronic Advances,22.4,2097-3993,2096-4579
PERIODONTOLOGY 2000,15.7,1600-0757,0906-6713
PERSONALITY AND SOCIAL PSYCHOLOGY REVIEW,10.4,1532-7957,1088-8683
PHARMACOLOGICAL RESEARCH,10.5,1096-1186,1043-6618
PHARMACOLOGICAL REVIEWS,17.3,1521-0081,0031-6997
PHARMACOLOGY & THERAPEUTICS,12.5,1879-016X,0163-7258
PhotoniX,19.1,2662-1991,N/A
Physical Review X,15.7,2160-3308,2160-3308
Physics of Life Reviews,14.3,1873-1457,1571-0645
Physics of Life Reviews,14.3,1873-1457,1571-0645
PHYSICS REPORTS-REVIEW SECTION OF PHYSICS LETTERS,29.5,1873-6270,0370-1573
Physiological Reviews,28.7,1522-1210,0031-9333
PHYSIOLOGY,10.3,1548-9221,1548-9213
PLANT BIOTECHNOLOGY JOURNAL,10.5,1467-7652,1467-7644
PLANT BIOTECHNOLOGY JOURNAL,10.5,1467-7652,1467-7644
PLANT CELL,11.6,1532-298X,1040-4651
PLANT CELL,11.6,1532-298X,1040-4651
PLANT CELL,11.6,1532-298X,1040-4651
Plant Communications,11.6,2590-3462,2590-3462
Plant Communications,11.6,2590-3462,2590-3462
PLOS MEDICINE,9.9,1549-1676,1549-1277
Polymer Reviews,11.9,1558-3716,1558-3724
PROCEEDINGS OF THE IEEE,25.9,1558-2256,0018-9219
PROGRESS IN AEROSPACE SCIENCES,16.2,1873-1724,0376-0421
Progress in Energy,9.8,2516-1083,N/A
PROGRESS IN ENERGY AND COMBUSTION SCIENCE,37,1873-216X,0360-1285
PROGRESS IN ENERGY AND COMBUSTION SCIENCE,37,1873-216X,0360-1285
PROGRESS IN ENERGY AND COMBUSTION SCIENCE,37,1873-216X,0360-1285
PROGRESS IN ENERGY AND COMBUSTION SCIENCE,37,1873-216X,0360-1285
PROGRESS IN LIPID RESEARCH,14.9,1873-2194,0163-7827
PROGRESS IN LIPID RESEARCH,14.9,1873-2194,0163-7827
PROGRESS IN MATERIALS SCIENCE,40,1873-2208,0079-6425
PROGRESS IN PARTICLE AND NUCLEAR PHYSICS,17.9,1873-2224,0146-6410
PROGRESS IN PARTICLE AND NUCLEAR PHYSICS,17.9,1873-2224,0146-6410
PROGRESS IN POLYMER SCIENCE,26.1,1873-1619,0079-6700
PROGRESS IN QUANTUM ELECTRONICS,12.5,1873-1627,0079-6727
PROGRESS IN QUANTUM ELECTRONICS,12.5,1873-1627,0079-6727
PROGRESS IN QUANTUM ELECTRONICS,12.5,1873-1627,0079-6727
PROGRESS IN QUANTUM ELECTRONICS,12.5,1873-1627,0079-6727
PROGRESS IN RETINAL AND EYE RESEARCH,14.7,1873-1635,1350-9462
PROGRESS IN SOLID STATE CHEMISTRY,10.5,1873-1643,0079-6786
Protection and Control of Modern Power Systems,11.9,2367-0983,2367-2617
Protection and Control of Modern Power Systems,11.9,2367-0983,2367-2617
Protein & Cell,12.8,1674-8018,1674-800X
PRX Quantum,11,2691-3399,N/A
PRX Quantum,11,2691-3399,N/A
PRX Quantum,11,2691-3399,N/A
PSYCHOLOGICAL BULLETIN,19.8,1939-1455,0033-2909
PSYCHOLOGICAL BULLETIN,19.8,1939-1455,0033-2909
Psychological Science in the Public Interest,17.6,1539-6053,1529-1006
PSYCHOTHERAPY AND PSYCHOSOMATICS,18.1,1423-0348,0033-3190
PSYCHOTHERAPY AND PSYCHOSOMATICS,18.1,1423-0348,0033-3190
Qualitative Psychology,14.3,2326-3598,2326-3601
QUARTERLY JOURNAL OF ECONOMICS,12.7,1531-4650,0033-5533
RADIOLOGY,15.2,N/A,0033-8419
Radiology-Artificial Intelligence,13.2,2638-6100,2638-6100
Radiology-Artificial Intelligence,13.2,2638-6100,2638-6100
RARE METALS,11,1867-7185,1001-0521
RARE METALS,11,1867-7185,1001-0521
Redox Biology,11.9,2213-2317,2213-2317
RELIABILITY ENGINEERING & SYSTEM SAFETY,11,1879-0836,0951-8320
RELIABILITY ENGINEERING & SYSTEM SAFETY,11,1879-0836,0951-8320
REMOTE SENSING OF ENVIRONMENT,11.4,1879-0704,0034-4257
REMOTE SENSING OF ENVIRONMENT,11.4,1879-0704,0034-4257
REMOTE SENSING OF ENVIRONMENT,11.4,1879-0704,0034-4257
RENEWABLE & SUSTAINABLE ENERGY REVIEWS,16.3,1879-0690,1364-0321
RENEWABLE & SUSTAINABLE ENERGY REVIEWS,16.3,1879-0690,1364-0321
REPORTS ON PROGRESS IN PHYSICS,20.7,1361-6633,0034-4885
Research,10.9,2639-5274,2096-5168
Research Integrity and Peer Review,10.7,2058-8615,N/A
Research Integrity and Peer Review,10.7,2058-8615,N/A
RESOURCES CONSERVATION AND RECYCLING,10.9,1879-0658,0921-3449
RESOURCES CONSERVATION AND RECYCLING,10.9,1879-0658,0921-3449
Reviews in Aquaculture,11.3,1753-5131,1753-5123
REVIEWS IN ENVIRONMENTAL SCIENCE AND BIO-TECHNOLOGY,10.6,1572-9826,1569-1705
REVIEWS IN ENVIRONMENTAL SCIENCE AND BIO-TECHNOLOGY,10.6,1572-9826,1569-1705
REVIEWS OF GEOPHYSICS,37.3,1944-9208,8755-1209
REVIEWS OF MODERN PHYSICS,44.8,1539-0756,0034-6861
ROBOTICS AND COMPUTER-INTEGRATED MANUFACTURING,11.4,1879-2537,0736-5845
ROBOTICS AND COMPUTER-INTEGRATED MANUFACTURING,11.4,1879-2537,0736-5845
ROBOTICS AND COMPUTER-INTEGRATED MANUFACTURING,11.4,1879-2537,0736-5845
Satellite Navigation,10.1,2662-1363,2662-9291
Satellite Navigation,10.1,2662-1363,2662-9291
Satellite Navigation,10.1,2662-1363,2662-9291
SCIENCE,45.8,1095-9203,0036-8075
Science Advances,12.5,2375-2548,N/A
Science Bulletin,21.1,2095-9281,2095-9273
Science China-Chemistry,9.8,1869-1870,1674-7291
Science Immunology,16.4,2470-9468,2470-9468
Science Robotics,27.5,2470-9476,2470-9476
Science Translational Medicine,14.7,1946-6242,1946-6234
Science Translational Medicine,14.7,1946-6242,1946-6234
SEMINARS IN CANCER BIOLOGY,15.7,1096-3650,1044-579X
Signal Transduction and Targeted Therapy,52.7,2059-3635,2095-9907
Signal Transduction and Targeted Therapy,52.7,2059-3635,2095-9907
Small,12.1,1613-6829,1613-6810
Small,12.1,1613-6829,1613-6810
Small,12.1,1613-6829,1613-6810
Small,12.1,1613-6829,1613-6810
Small,12.1,1613-6829,1613-6810
Small,12.1,1613-6829,1613-6810
Small Structures,11.3,2688-4062,N/A
Small Structures,11.3,2688-4062,N/A
Small Structures,11.3,2688-4062,N/A
Smart Learning Environments,12.1,2196-7091,N/A
Smart Medicine,11.6,2751-1871,2751-1871
Smart Medicine,11.6,2751-1871,2751-1871
SmartMat,12.8,2688-819X,2766-8525
SmartMat,12.8,2688-819X,2766-8525
SOIL BIOLOGY & BIOCHEMISTRY,10.3,1879-3428,0038-0717
Statistics Surveys,15.4,1935-7516,1935-7516
STUDIES IN MYCOLOGY,17.1,1872-9797,0166-0616
Studies in Science Education,9.9,1940-8412,0305-7267
Studies in Science Education,9.9,1940-8412,0305-7267
SusMat,21.3,2692-4552,2766-8479
SusMat,21.3,2692-4552,2766-8479
SusMat,21.3,2692-4552,2766-8479
Sustainable Cities and Society,12,2210-6715,2210-6707
Sustainable Cities and Society,12,2210-6715,2210-6707
Sustainable Cities and Society,12,2210-6715,2210-6707
TECHNOLOGICAL FORECASTING AND SOCIAL CHANGE,13.3,1873-5509,0040-1625
TECHNOLOGICAL FORECASTING AND SOCIAL CHANGE,13.3,1873-5509,0040-1625
TECHNOLOGY IN SOCIETY,12.5,1879-3274,0160-791X
TECHNOLOGY IN SOCIETY,12.5,1879-3274,0160-791X
TECHNOVATION,10.9,1879-2383,0166-4972
TECHNOVATION,10.9,1879-2383,0166-4972
TECHNOVATION,10.9,1879-2383,0166-4972
Theranostics,13.3,1838-7640,1838-7640
Tourism Management,12.4,1879-3193,0261-5177
Tourism Management,12.4,1879-3193,0261-5177
Tourism Management,12.4,1879-3193,0261-5177
TRAC-TRENDS IN ANALYTICAL CHEMISTRY,12,1879-3142,0165-9936
Translational Neurodegeneration,15.2,2047-9158,2047-9158
TRANSPORT REVIEWS,9.9,1464-5327,0144-1647
TRENDS IN BIOCHEMICAL SCIENCES,11,1362-4326,0968-0004
TRENDS IN BIOTECHNOLOGY,14.9,1879-3096,0167-7799
Trends in Cancer,17.5,2405-8025,2405-8033
TRENDS IN CELL BIOLOGY,18.1,1879-3088,0962-8924
Trends in Chemistry,13.6,2589-5974,N/A
TRENDS IN COGNITIVE SCIENCES,17.2,1879-307X,1364-6613
TRENDS IN COGNITIVE SCIENCES,17.2,1879-307X,1364-6613
TRENDS IN COGNITIVE SCIENCES,17.2,1879-307X,1364-6613
TRENDS IN ECOLOGY & EVOLUTION,17.3,1872-8383,0169-5347
TRENDS IN ECOLOGY & EVOLUTION,17.3,1872-8383,0169-5347
TRENDS IN ECOLOGY & EVOLUTION,17.3,1872-8383,0169-5347
TRENDS IN ENDOCRINOLOGY AND METABOLISM,12.6,1879-3061,1043-2760
Trends in Environmental Analytical Chemistry,13.4,2214-1588,2214-1588
Trends in Environmental Analytical Chemistry,13.4,2214-1588,2214-1588
TRENDS IN FOOD SCIENCE & TECHNOLOGY,15.4,1879-3053,0924-2244
TRENDS IN GENETICS,16.3,1362-4555,0168-9525
TRENDS IN IMMUNOLOGY,13.9,1471-4981,1471-4906
TRENDS IN MICROBIOLOGY,14.9,1878-4380,0966-842X
TRENDS IN MICROBIOLOGY,14.9,1878-4380,0966-842X
TRENDS IN MOLECULAR MEDICINE,13.8,1471-499X,1471-4914
TRENDS IN MOLECULAR MEDICINE,13.8,1471-499X,1471-4914
TRENDS IN MOLECULAR MEDICINE,13.8,1471-499X,1471-4914
TRENDS IN NEUROSCIENCES,15.1,1878-108X,0166-2236
TRENDS IN PHARMACOLOGICAL SCIENCES,19.9,1873-3735,0165-6147
TRENDS IN PLANT SCIENCE,20.8,1878-4372,1360-1385
Tungsten,11.2,2661-8036,2661-8028
Tungsten,11.2,2661-8036,2661-8028
Ultrafast Science,9.9,2765-8791,2097-0331
WATER RESEARCH,12.4,1879-2448,0043-1354
WATER RESEARCH,12.4,1879-2448,0043-1354
WATER RESEARCH,12.4,1879-2448,0043-1354
Wiley Interdisciplinary Reviews-Climate Change,10.3,1757-7799,1757-7780
Wiley Interdisciplinary Reviews-Climate Change,10.3,1757-7799,1757-7780
Wiley Interdisciplinary Reviews-Computational Molecular Science,27,1759-0884,1759-0876
Wiley Interdisciplinary Reviews-Computational Molecular Science,27,1759-0884,1759-0876
Wiley Interdisciplinary Reviews-Data Mining and Knowledge Discovery,11.7,1942-4795,1942-4787
Wiley Interdisciplinary Reviews-Data Mining and Knowledge Discovery,11.7,1942-4795,1942-4787
World Psychiatry,65.8,2051-5545,1723-8617
,,,
Copyright (c) 2026 Clarivate ,,,
By exporting the selected data; you agree to the data usage policy set forth in the Terms of Use ,,,
